{"2016preVFP": 1.9960233490336188, "2017": 2.0361035624204513, "2016postVFP": 2.0160034878609787, "combined": 2.012486710437139, "2018": 2.0006553967173524}